price,predicted_qty,revenue,profit,profit_lower_ci,profit_upper_ci,product_id
50.08828767123287,18.661863187448137,934.740771814093,-184.97101943279517,-134.28460750492636,-254.53425196168752,A
50.81816903078195,18.330959387051866,931.5457926276008,-168.31177059551112,-122.0412271264315,-231.88924346447257,A
51.54805039033104,18.010486899668074,928.4054862584869,-152.22372772159744,-110.24302125384186,-209.973673177833,A
52.277931749880125,17.699976074952982,925.318141220903,-136.68042327627583,-98.86866847892817,-188.75488248866586,A
53.007813109429215,17.39898457333944,922.282122557419,-121.65695184294736,-87.89813532533299,-168.2020949775903,A
53.7376944689783,17.107095429066057,919.2958674188069,-107.12985832515645,-77.31258241622048,-148.28628413795224,A
54.46757582852738,16.823915274659516,916.3578809552372,-93.07703552433372,-67.09427862543811,-128.98005202702348,A
55.19745718807647,16.549072711458724,913.4667324931075,-79.47763019441594,-57.226522437447876,-110.25751781404155,A
55.92733854762555,16.28221681242175,910.6210519741519,-66.31195677115322,-47.693569825516796,-92.09421529996095,A
56.657219907174635,16.023015744913508,907.8195266356862,-53.56141805912426,-38.48056803176611,-74.46699858102687,A
57.387101266723725,15.771155502457338,905.0608979127663,-41.20843223467393,-29.573494698009913,-57.35395511419605,A
58.11698262627281,15.526338735571612,902.3439585448418,-29.236365589454827,-20.959101853981647,-40.734325518461326,A
58.8468639858219,15.288283672818157,899.6675498709917,-17.629470498097685,-12.624864320549051,-24.58842951353191,A
59.57674534537098,15.056723124083932,897.030559299307,-6.372828145728915,-4.558932130694914,-8.897597457167747,A
60.30662670492006,14.831403558910083,894.4319179372133,4.547704402608298,3.2499133888899943,6.355893004337967,A
61.03650806446915,14.612084253389133,891.8705983706885,15.145543167340561,10.812300197148431,21.18887561064521,A
61.766389424018236,14.398536499780214,889.3456125813651,25.43342259455232,18.13830306880304,35.61734988269181,A
62.496270783567326,14.190542873553872,886.8560099914444,35.42343757821205,25.237478336952506,49.65653159699257,A
63.22615214311641,13.987896553079443,884.4008756271744,45.12708244240787,32.11889608457348,63.32089966329989,A
63.95603350266549,13.79040068761736,881.9793283924371,54.5552871353955,38.79116999888466,76.62423969980244,A
64.68591486221457,13.597867809680885,879.5905194446659,63.71845086381279,45.26248508239171,89.57968457293809,A
65.41579622176367,13.410119288192591,877.233630665949,72.62647337439357,51.540623396396654,102.1997521445758,A
66.14567758131275,13.226984819185281,874.907873222748,81.28878407163111,57.63298799657427,114.49638044745129,A
66.87555894086184,13.048301951088398,872.6124862081747,89.71436914287078,63.54662520568856,126.48096049006506,A
67.60544030041092,12.87391564190395,870.3467353612639,97.9117968470268,69.28824535545195,138.16436687451036,A
68.33532165996002,12.703677845812027,868.1099118580728,105.88924110935119,74.86424211776995,149.5569863947047,A
69.06520301950908,12.537447126960613,865.9013311698956,113.65450355225884,80.28071053500732,160.66874476804654,A
69.79508437905818,12.37508829838615,863.7203319841568,121.21503408098786,85.54346384934814,171.50913164045477,A
70.52496573860726,12.21647208418741,861.5662751839692,128.57795013272457,90.65804922267083,182.08722399291207,A
71.25484709815635,12.061474803232034,859.438542882564,135.75005468864197,95.6297624305551,192.4117080669352,A
71.98472845770543,11.909978072819479,857.3365375091361,142.73785313996729,100.46366160694714,202.49089991665085,A
72.71460981725451,11.761868530853633,855.2596809428665,149.5475690916485,105.16458010960925,212.33276468634827,A
73.44449117680361,11.617037575196605,853.207413692123,156.18515918032674,109.73713857065194,221.94493470433932,A
74.17437253635269,11.47538111898302,851.1791941160743,162.65632697709313,114.18575619117198,231.3347264766721,A
74.90425389590177,11.336799360771359,849.1744976861148,168.96653603983327,118.51466133421103,240.50915665758419,A
75.63413525545086,11.201196568498503,847.1928162847078,175.12102217479762,122.72790146588521,249.4749570675233,A
76.36401661499994,11.068480876284745,845.2336575394174,181.12480496233266,126.82935249055467,258.2385888240423,A
77.09389797454904,10.938564093210358,843.2965441900249,186.98269859740336,130.82272752227408,266.8062556458107,A
77.82377933409812,10.811361523253078,841.3810134868064,192.69932209162178,134.7115851314583,275.1839163853812,A
78.5536606936472,10.686791795637589,839.4866166181679,198.27910887991254,138.49933710267607,283.3772968421268,A
79.28354205319629,10.564776704904418,837.6129181659179,203.72631587165282,142.18925573671717,291.39190090288184,A
80.01342341274537,10.445241060058281,835.7594955866365,209.04503198313967,145.78448072756004,299.2330210543029,A
80.74330477229447,10.328112542202886,833.9259387176446,214.23918618547145,149.28802564254778,306.90574830769145,A
81.47318613184355,10.213321570113061,832.111849306194,219.31255509941036,152.7027840319622,314.4149815740519,A
82.20306749139263,10.100801173235485,830.3168405606144,224.26877016648535,156.03153519224745,321.76543652441615,A
82.93294885094173,9.990486871645341,828.540536722168,229.11132442344746,159.27694960534032,328.9616539679375,A
83.6628302104908,9.882316562521147,826.7825726565278,233.84357890525897,162.44159407494166,336.0080077779599,A
84.39271157003989,9.776230412730051,825.0425934637792,238.46876869997618,165.5279365790399,342.90871239410563,A
85.12259292958898,9.672170757145622,823.3202541059812,242.99000867724385,168.53835085662848,349.66782992648757,A
85.85247428913806,9.570082002345801,821.6152190513358,247.4102989105877,171.4751207452765,356.28927688631956,A
86.58235564868716,9.46991053536362,819.9271619341024,251.73252981228515,174.34044428503722,362.77683056553406,A
87.31223700823622,9.371604637185454,818.2557652294221,255.95948699829478,177.13643760309685,369.1341350864676,A
88.04211836778532,9.275114400712622,816.6007199422909,260.0938558995336,179.86513859257596,375.3647071412561,A
88.7719997273344,9.180391652921298,814.9617253099525,264.1382261346746,182.52851039795766,381.4719414392459,A
89.50188108688349,9.087389880973294,813.3384885170201,268.0950956586224,185.12844471878068,387.45911587952816,A
90.23176244643257,8.996064162046965,811.7307244226872,271.9668746998693,187.66676494244126,393.3293964645485,A
90.96164380598165,8.906371096672665,810.1381552994291,275.7558894990692,190.1452291162198,399.085841969724,A
91.69152516553075,8.81826874537111,808.5605105826085,279.4643858603418,192.56553276797518,404.7314083829983,A
92.42140652507983,8.731716568406341,806.9975266304575,283.09453252607705,194.92931158432899,410.26895312739714,A
93.15128788462891,8.64667536847702,805.4489464939327,286.6484243853115,197.23814395457867,415.7012390787864,A
93.881169244178,8.56310723618086,803.9145196959406,290.12808552508903,199.49355338804264,421.030938390263,A
94.61105060372708,8.480975498097957,802.3940020195153,293.5354721336378,201.69701081205102,426.2606361339108,A
95.34093196327618,8.40024466734788,800.8871553044878,296.87247526361494,203.84993675732164,431.39283376993916,A
96.07081332282526,8.320880396485054,799.3937472522719,300.1409234631686,205.9537034370411,436.42995245264484,A
96.80069468237434,8.242849432604734,797.9135512383534,303.34258528206936,208.00963672556995,441.37433618202164,A
97.53057604192342,8.166119574540506,796.4463461321621,306.47917165973183,210.0190180423171,446.2282548093253,A
98.26045740147251,8.09065963204061,794.9919161239396,309.552338201503,211.98308614598665,450.99390690437696,A
98.9903387610216,8.016439386818078,793.5500505583178,312.5636873492332,213.90303884408073,455.67342249194036,A
99.72022012057069,7.943429555375392,792.120543774281,315.5147704517575,215.7800346222364,460.26886566404414,A
100.45010148011977,7.871601753510561,790.7031949512245,318.4070897405909,217.61519419770423,464.7822370747416,A
101.17998283966885,7.800928462417057,789.2978079608422,321.24210021581877,219.4096020010083,469.21547632338655,A
101.90986419921794,7.731382996295097,787.904191224576,324.02121144687015,221.16430758959154,473.5704642321736,A
102.63974555876703,7.662939471396573,786.522157576377,326.74578929258263,222.88032699701836,477.84902502333694,A
103.36962691831611,7.59557277643066,785.1515241305558,329.41715754471625,224.55864402109844,482.05292840110803,A
104.0995082778652,7.529258544261034,783.7921121544888,332.0365994988267,226.20021145409982,486.18389154322506,A
104.82938963741428,7.4639731248297725,782.4437469459689,334.6053594561825,227.80595225802693,490.24358100652233,A
105.55927099696336,7.399693559246734,781.1062577150104,337.12464416020634,229.3767606877769,494.2336145508688,A
106.28915235651246,7.336397554986472,779.7794774699026,339.5956241707143,230.913503364817,498.1555628854868,A
107.01903371606153,7.274063462138271,778.4632429073469,342.0194351790506,232.41702030388052,502.0109513414552,A
107.74891507561063,7.212670250657588,777.1573943064876,344.39717926703236,233.88812589503596,505.8012614739932,A
108.47879643515971,7.1521974885703985,775.8617754266887,346.72992611246485,235.32760984334575,509.5279325979163,A
109.20867779470879,7.09262532108429,774.5762334088872,349.0187141438298,236.7362380682184,513.1923632594833,A
109.93855915425789,7.033934450562924,773.3006186803844,351.26455164660905,238.11475356442378,516.7959126476609,A
110.66844051380696,6.976106117322699,772.0347848629319,353.46841782356995,239.463877226656,520.3399019476898,A
111.39832187335605,6.919122081212583,770.7785886839646,355.6312638112096,240.7843086393959,523.8256156396568,A
112.12820323290514,6.862964603940539,769.531889890879,357.75401365444674,242.07672683375674,527.2543027446603,A
112.85808459245422,6.807616432111338,768.2945511682028,359.8375652415225,243.34179101288626,530.6271780209968,A
113.58796595200332,6.75306078094305,767.0664380575681,361.8827912009851,244.58014124742533,533.9454231126844,A
114.31784731155238,6.699281318630627,765.8474188803514,363.8905397625137,245.79239914243465,537.2101876525046,A
115.04772867110148,6.646262151327156,764.6373646628979,365.86163558326854,246.97916847713145,540.4225903216461,A
115.77761003065058,6.59398780871449,763.4361490642104,367.79688054134095,248.1410358187066,543.5837198679118,A
116.50749139019965,6.542443230136642,762.2436483060147,369.6970544978162,249.27857111142077,546.694636084358,A
117.23737274974874,6.491613751270618,761.0597411051082,371.5629160288711,250.39232824212348,549.7563707501381,A
117.96725410929781,6.441485091310703,759.8843086079031,373.39520312926095,251.4828455832729,552.7699285352329,A
118.69713546884691,6.392043340643287,758.717234327077,375.19463388847976,252.5506465144821,555.7362878706635,A
119.427016828396,6.343274948990751,757.5584040802612,376.96190714081615,253.5962399235654,558.6564017857115,A
120.15689818794507,6.295166714003568,756.4077059306675,378.6977030904534,254.6201206880018,561.53119871357,A
120.88677954749417,6.247705770281353,755.2650301296092,380.40268391272804,255.62277013770117,564.3615832668239,A
121.61666090704324,6.200879578804036,754.1302690608196,382.07749433257743,256.6046564998941,567.1484369840355,A
122.34654226659234,6.15467591675561,753.0033171865182,383.72276218118157,257.56623532694414,569.8926190486959,A
123.07642362614143,6.109082867723576,751.8840709951497,385.3390989317352,258.5079499078299,572.5949669817072,A
123.8063049856905,6.0640888122581,750.7724289507399,386.927100215254,259.43023166400667,575.25629730853,A
124.5361863452396,6.019682418775657,749.6682914438079,388.4873463172685,260.3335005303365,577.8774062020535,A
125.26606770478867,5.9758526347926475,748.5715607437755,390.0204026562167,261.21816532171874,580.4590701022162,A
125.99594906433776,5.932588678475183,747.4821409528261,391.52682024431505,262.0846240860475,583.0020463133421,A
126.72583042388686,5.889880030491845,746.3999379611472,393.00713613163646,262.93326444407097,585.5070735801107,A
127.45571178343593,5.847716426156988,745.3248594035291,394.4618738341098,263.76446391671396,587.9748726430545,A
128.18559314298503,5.806087847852502,744.2568146172504,395.89154374610024,264.5785902403917,590.4061467744125,A
128.9154745025341,5.764984517716717,743.1957146012132,397.2966435382102,265.3760016708179,592.8015822951385,A
129.6453558620832,5.724396890589579,742.1414719762885,398.6776585409137,266.15704727579185,595.1618490738427,A
130.37523722163226,5.684315647203726,741.0940009468219,400.0350621145983,266.92206721741417,597.4876010083755,A
131.10511858118136,5.644731687611561,740.0532172632657,401.369316006572,267.6713930241805,599.779476490765,A
131.83499994073046,5.605636124838884,739.0190381858907,402.6808706955577,268.40534785335393,602.0380988561614,A
132.56488130027952,5.567020278756084,737.9913824495493,403.97016572418426,269.12424674402706,604.2640768164267,A
133.29476265982862,5.5288756701582615,736.9701702294464,405.2376300199507,269.82839686124385,606.4580048789779,A
134.0246440193777,5.491194015046106,735.9553231078917,406.48368220512526,270.5180977315454,608.6204637514536,A
134.7545253789268,5.4539672190995985,734.9467640419916,407.7087308960157,271.1936414702834,610.7520207327656,A
135.48440673847588,5.417187372337106,733.9444173322559,408.9131749920295,271.8553130010326,612.8532300910587,A
136.21428809802495,5.380846743952633,732.9482085920835,410.0974039549255,272.50339026741597,614.9246334290866,A
136.94416945757405,5.344937777324417,731.9580647181042,411.2617980786391,273.1381444376407,616.9667600374827,A
137.67405081712312,5.309453085188277,730.973913861342,412.4067287500454,273.75984010203445,618.9801272363943,A
138.4039321766722,5.274385444969408,729.995685399173,413.53255870100855,274.368735463856,620.9652407059182,A
139.1338135362213,5.239727794266711,729.0233099080608,414.63964225205814,274.96508252364043,622.9225948057577,A
139.86369489577038,5.205473226483812,728.0567191370333,415.72832554800453,275.5491272573334,624.8526728845173,A
140.59357625531948,5.17161498660126,727.0958459818772,416.79894678580166,276.12110978844845,626.7559475790084,A
141.32345761486854,5.13814646708478,726.1406244600424,417.85183643495566,276.6812645544819,628.6328811039479,A
142.05333897441764,5.105061203924306,725.190989686208,418.8873174507497,277.22982046780254,630.4839255324028,A
142.78322033396674,5.072352872799182,724.2468778485147,419.9057054805638,277.7670010712244,632.309523067318,A
143.5131016935158,5.040015285364731,723.3082261854228,420.9073090635389,278.2930246884689,634.1101063044605,A
144.2429830530649,5.008042385655863,722.3749729631894,421.89242982383763,278.80810456970033,635.8860984870852,A
144.97286441261397,4.976428246603388,721.4470574539353,422.86136265773195,279.312449032328,637.6379137526322,A
145.70274577216307,4.945167066658999,720.5244199142895,423.8143959147496,279.80626159724517,639.3659573717321,A
146.43262713171217,4.914253166525009,719.6070015645925,424.75181157309197,280.2897411206766,641.0706259798056,A
147.16250849126124,4.883680985985073,718.6947445686394,425.673885409535,280.76308192179584,642.7523078015174,A
147.89238985081033,4.853445080832279,717.7875920139451,426.58088716400835,281.2264739062679,644.4113828683342,A
148.6222712103594,4.823540119891212,716.8854878925212,427.47308069904847,281.68010268586687,646.0482232294452,A
149.3521525699085,4.793960882130575,715.9883770821388,428.35072415430426,282.12414969430745,647.663193156259,A
150.0820339294576,4.76470225386332,715.0962053280779,429.2140700962787,282.55879229943594,649.2566493407222,A
150.81191528900666,4.735759226031082,714.2089192253312,430.06336566346636,282.9842039119006,650.8289410876573,A
151.54179664855576,4.70712689157007,713.3264662012599,430.8988527070557,283.4005540904365,652.3804105013409,A
152.27167800810483,4.678800442855616,712.4487944986886,431.7207679273517,283.80800864388135,653.9113926665144,A
153.00155936765393,4.650775169222549,711.5758531594146,432.52934300606165,284.2067297300394,655.422215824023,A
153.73144072720302,4.6230464545589784,710.7075920081397,433.32480473460095,284.5968759515055,656.9132015412598,A
154.4613220867521,4.5956097749707565,709.8439616367843,434.10737513853894,284.9786024485552,658.384664877599,A
155.1912034463012,4.568460696514445,708.984913389204,434.87727159833736,285.35206098920344,659.8369145449881,A
155.92108480585026,4.5415948729962885,708.130399346269,435.6347069664917,285.7174000565334,661.2702530638568,A
156.65096616539935,4.515008043835062,707.2803723113121,436.37988968120845,286.07476493338396,662.684976914503,A
157.38084752494845,4.48869603198665,706.434785795932,437.11302387673305,286.42429778449696,664.081376684111,A
158.11072888449752,4.462654741928276,705.5935940061389,437.8343094904423,286.76613773619954,665.4597372095394,A
158.84061024404662,4.436880157700384,704.7567518288307,438.5439423668077,287.1004209537167,666.8203377160273,A
159.57049160359568,4.411368341004315,703.9242148185969,439.242114358338,287.42728071618825,668.1634519519449,A
160.30037296314478,4.386115429353922,703.0959391848377,439.9290134236023,287.7468474894716,669.4893483197305,A
161.03025432269388,4.361117634279314,702.271881779183,440.6048237224241,288.0592489968001,670.7982900031197,A
161.76013568224295,4.336371239581121,701.4520000832182,441.2697257083509,288.36461028737847,672.0905350908108,A
162.49001704179204,4.311872599633538,700.6362521964896,441.9238962184774,288.6630538029737,673.3663366966604,A
163.2198984013411,4.287618137734666,699.8245968247995,442.56750856071955,288.9546994425749,674.6259430765381,A
163.9497797608902,4.26360434450253,699.0169932687644,443.2007325986126,289.2396646251846,675.8695977419329,A
164.6796611204393,4.239827776315423,698.2134014126495,443.8237348337242,289.5180643508042,677.0975395704316,A
165.40954247998837,4.21628505379505,697.4137817134524,444.43667848574944,289.79001125966886,678.3100029131488,A
166.13942383953747,4.192972860331197,696.6180951902425,445.03972357037065,290.05561568979357,679.5072176992217,A
166.86930519908654,4.169887940646589,695.8263034137461,445.6330269749508,290.3149857328879,680.6894095374623,A
167.59918655863564,4.147027099400644,695.0383684961661,446.21674253212745,290.5682272886826,681.8567998152399,A
168.32906791818473,4.1243871998309105,694.2542530812291,446.79102109137443,290.8154441177286,683.0096057946942,A
169.0589492777338,4.1019651624310995,693.4739203344703,447.35601058860436,291.05673789271617,684.1480407063673,A
169.7888306372829,4.07975796366442,692.6973339337244,447.9118561138592,291.29220824835664,685.2723138403168,A
170.51871199683197,4.057762634711256,691.9244580598348,448.4586999771594,291.52195282987867,686.3826306348024,A
171.24859335638106,4.035976260250064,691.1552573875708,448.99668177256694,291.7460673401793,687.4791927626136,A
171.97847471593016,4.014395977270491,690.3896970767448,449.5259384405154,291.9646455856743,688.5621982151181,A
172.70835607547923,3.9930189739177337,689.6277427635287,450.04660432846464,292.17777952088755,689.6318413840899,A
173.43823743502833,3.9718424883671806,688.8693605519608,450.55881124993,292.38555929182075,690.6883131413917,A
174.1681187945774,3.9508638077284055,688.1145170056374,451.06268854193297,292.5880732781401,691.7318009165778,A
174.8980001541265,3.9300802669776362,687.3631791395841,451.55836312092595,292.78540813421625,692.7624887724726,A
175.6278815136756,3.909489247917912,686.6153144123158,452.04595953724106,292.9776488290572,693.7805574787947,A
176.35776287322466,3.8890881781659496,685.8708907180518,452.52560002809486,293.1648786851613,694.7861845838772,A
177.08764423277375,3.8688745301650656,685.1298763791109,452.99740456920694,293.34717941633085,695.7795444845462,A
177.81752559232282,3.848845820223332,684.3922401384671,453.46149092506715,293.5246311644756,696.7608084942077,A
178.54740695187192,3.8289996075761814,683.6579511524624,453.91797469789145,293.6973125354315,697.7301449092005,A
179.27728831142102,3.809333493472828,682.9269789836808,454.36696937531116,293.8653006338375,698.6877190734645,A
180.0071696709701,3.789845120285685,682.1992935939634,454.80858637682223,294.0286710970818,699.6336934415687,A
180.73705103051918,3.7705321706422446,681.4748653375816,455.2429350990469,294.1874981283638,700.568227640153,A
181.46693239006828,3.751392366578674,680.7536649545505,455.67012295983005,294.34185452888244,701.4914785278308,A
182.19681374961735,3.7324234687145235,680.0356635640808,456.09025544120937,294.4918117291894,702.4036002535912,A
182.92669510916645,3.7136232754479286,679.3208326581673,456.50343613129155,294.637439819722,703.3047443137451,A
183.6565764687155,3.694989622170761,678.6091440953146,456.909766765069,294.7788075805488,704.1950596074616,A
184.3864578282646,3.6765203805031117,677.9005700943924,457.30934726420566,294.9159825103462,705.0746924909347,A
185.1163391878137,3.6582134575465566,677.1950832286132,457.7022757758197,295.04903085462934,705.9437868302095,A
185.84622054736278,3.6400667951556804,676.4926564196346,458.08864871029374,295.1780176332579,706.8024840527167,A
186.57610190691187,3.6220783692273955,675.7932629317917,458.468560778148,295.30300666724594,707.6509231975544,A
187.30598326646094,3.604246189007442,675.0968763664335,458.84210502598705,295.4240606048827,708.4892409645352,A
188.03586462601004,3.5865682964136907,674.4034706563842,459.2093728715627,295.5412409471971,709.3175717620534,A
188.76574598555914,3.5690427653757353,673.7130200605136,459.5704541379695,295.6546080727765,710.1360477537943,A
189.4956273451082,3.5516677011902997,673.0254991584142,459.92543708699617,295.7642212619629,710.9447989043164,A
190.2255087046573,3.534441239892093,672.340882845193,460.2744084516675,295.8701387204425,711.7439530235467,A
190.95539006420637,3.5173615476395867,671.6591463263579,460.61745346798267,295.97241760224637,712.5336358102089,A
191.68527142375547,3.500426820115399,670.9802651128135,460.9546559058896,296.07111403217834,713.3139708942248,A
192.41515278330456,3.4836352819408076,670.3042150159507,461.2860980995023,296.1662831276884,714.0850798780996,A
193.14503414285363,3.466985186104091,669.6309721428424,461.611860976597,296.2579790202059,714.8470823773465,A
193.87491550240273,3.450474813402206,668.9605128915215,461.93202408738915,296.34625487594695,715.6000960599463,A
194.6047968619518,3.4341024718955526,668.2928139463605,462.2466656326274,296.4311629162115,716.3442366848869,A
195.3346782215009,3.417866496375416,667.6278522735405,462.55586249101555,296.51275443718714,717.0796181398097,A
75.09677168949771,16.297082483340716,1223.8582824563503,-242.87914104431425,-172.72214548668506,-353.9000323213515,B
76.19110185002361,16.09438577426858,1226.2489857408686,-222.24573394330366,-157.8632613650692,-324.251116588753,B
77.2854320105495,15.897032216919706,1228.6090025702629,-202.12389695251062,-143.40428482974542,-295.2674705815758,B
78.3797621710754,15.704808257888812,1230.9391361956662,-182.49360701432704,-129.3289485263924,-266.9241934975992,B
79.47409233160128,15.51751170481155,1233.2401579848968,-163.33589544814274,-115.62186374177901,-239.19765831634425,B
80.56842249212718,15.334950975711264,1235.512809107163,-144.63277870685067,-102.26846159997872,-212.06542991802573,B
81.66275265265307,15.156944407347245,1237.7578021072113,-126.36719455404072,-89.25493893170474,-185.50618950488678,B
82.75708281317897,14.983319617207016,1239.97582237753,-108.52294317110142,-76.56820838837376,-159.49966476223136,B
83.85141297370485,14.813912914335775,1242.1675295364687,-91.08463275375107,-64.19585241687396,-134.0265652534607,B
84.94574313423075,14.648568754683128,1244.3335587194315,-74.03762920205007,-52.12608075025866,-109.0685225939361,B
86.04007329475664,14.487139237079637,1246.4745217896768,-57.368009547490594,-40.347691104382776,-84.60803499341392,B
87.13440345528254,14.329483636339363,1248.591008474663,-41.0625187958795,-28.8500328013777,-60.62841579673895,B
88.22873361580844,14.175467970327142,1250.683587433418,-25.10852989602467,-17.622973068335245,-37.11374568812802,B
89.32306377633432,14.024964598133316,1252.7528072598932,-9.494006572105183,-6.65686578401746,-14.04882825614953,B
90.41739393686022,13.877851846771247,1254.799197426899,5.7925312174867525,4.057477531771288,8.580851355052921,B
91.51172409738611,13.734013664055619,1256.8232691747887,20.762039409782943,14.528814672031707,30.789164957299782,B
92.606054257912,13.593339295537653,1258.8255163487672,35.4249797503785,24.765497808098303,52.58937721887839,B
93.70038441843789,13.45572298356823,1260.806416188353,49.7913476672125,34.775496819696095,73.99417915971367,B
94.79471457896379,13.321063686734991,1262.7664300722427,63.87069826609341,44.56642102838325,95.01571942851835,B
95.88904473948969,13.189264818077362,1264.7060042215976,77.67217059463495,54.145539460658775,115.66563353264662,B
96.98337490001558,13.060234000624694,1266.625570364515,91.2045103082925,63.51979975571923,135.95507117645792,B
98.07770506054146,12.933882838930526,1268.5255463642268,104.47609086047947,72.69584582266639,155.89472185051304,B
99.17203522106736,12.810126705391333,1270.406336813405,117.4949333281849,81.68003434279727,175.49483880175646,B
100.26636538159326,12.688884540241764,1272.2683335967308,130.26872497497197,90.4784502043268,194.7652615038286,B
101.36069554211915,12.570078664212952,1274.1119164237768,142.80483664461107,99.09692094941849,213.71543673668796,B
102.45502570264505,12.453634602925163,1275.9374533340474,155.11033907078263,107.54103030662412,232.35443837568062,B
103.54935586317093,12.339480922163592,1277.7453011759264,167.1920181812031,115.81613087571162,250.69098598199628,B
104.64368602369683,12.227549073255895,1279.535806061135,179.05638946810447,123.92735602630408,268.73346227900544,B
105.73801618422272,12.117773247833814,1281.3093037961928,190.70971149114962,131.8796310667063,286.48992959218833,B
106.83234634474861,12.010090241318956,1283.0661202922722,202.15799857356615,139.67768373472393,303.96814532420984,B
107.92667650527451,11.904439324525654,1284.806571954749,213.40703274744007,147.3260540581051,321.17557653106593,B
109.0210066658004,11.800762122821258,1286.5309660536211,224.462374999708,154.829103628448,338.11941366010376,B
110.11533682632628,11.69900250232861,1288.239601075949,235.32937586637405,162.19102432896284,354.80658350604153,B
111.20966698685218,11.59910646269487,1289.9327670613416,246.0131854188032,169.41584655332045,371.2437614368303,B
112.30399714737808,11.501022035987402,1291.6107459214618,256.5187626825955,176.50744694994685,387.43738293728876,B
113.39832730790397,11.404699191310979,1293.27381174447,266.850884526482,183.46955572349162,403.39365451486645,B
114.49265746842985,11.310089744770792,1294.9222310852435,277.01415405587227,190.30576352279286,419.1185640085988,B
115.58698762895575,11.217147274433946,1296.5562632421713,287.01300854311614,197.0195279424623,434.6178903393124,B
116.68131778948165,11.125827039967534,1298.1761605212598,296.8517269241818,203.61417966319172,449.8972127363731,B
117.77564795000754,11.036085906655186,1299.782168488261,306.5344368892942,210.09292825403926,464.9619194737351,B
118.86997811053344,10.94788227351517,1301.3745262094453,316.06512159308,216.45886765825188,479.817216145706,B
119.96430827105934,10.861176005263427,1302.9534664816547,325.44762600794616,222.71498138261853,494.4681335107006,B
121.05863843158522,10.775928367882821,1304.5192160521888,334.68566294273484,228.86414740892442,508.91953492928167,B
122.15296859211111,10.692101967576965,1306.0719958290783,343.78281874715157,234.9091428447483,523.1761234209512,B
123.24729875263701,10.609660692902201,1307.6120210822273,352.74255872102924,240.8526483296336,537.2424483624845,B
124.34162891316291,10.52856965988588,1309.1395016359158,361.5682322461867,246.69725221154968,551.1229118490426,B
125.43595907368879,10.448795159951999,1310.6546420530965,370.26307765741655,252.44545450752204,564.8217747378632,B
126.53028923421468,10.370304610487624,1312.1576418119091,378.83022686802286,258.0996706613601,578.343162393011,B
127.62461939474058,10.29306650789459,1313.6486954747986,387.2727097642855,263.6622351105373,591.6910701484347,B
128.71894955526648,10.217050382981524,1315.1279928506149,395.5934583822777,269.1354046734546,604.8693685054476,B
129.81327971579236,10.142226758560751,1316.5957191500408,403.79531087957326,274.5213617675825,617.8818080796983,B
130.90760987631825,10.06856710912353,1318.0520551346724,411.88101531355477,279.8222174682659,630.7320243117204,B
132.00194003684416,9.996043822475368,1319.49717726006,419.8532332372769,285.04001441734647,643.423541954248,B
133.09627019737005,9.92463016322091,1320.9312578130189,427.7145431231371,290.1767295901492,655.9597793486441,B
134.19060035789593,9.85430023799464,1322.3544650434574,435.46744362393986,295.2342769288364,668.3440525020155,B
135.28493051842185,9.78502896234073,1323.766963291011,443.1143566803454,300.2145098496147,680.5795789758527,B
136.37926067894773,9.716792029151028,1325.1689131067096,450.65763048311703,305.11922363079975,692.6694815963701,B
137.47359083947362,9.649565878576091,1326.5604713699154,458.0995422980671,309.9501576883164,704.6167919960955,B
138.5679209999995,9.583327669329455,1327.9417914007531,465.4423011611023,314.7089977447796,716.4244539956635,B
139.6622511605254,9.518055251310223,1329.313023068246,472.6880504503259,319.39737789793753,728.0953268342403,B
140.7565813210513,9.453727139473516,1330.6743128943338,479.8388703417172,324.01688259389306,739.63218825649,B
141.85091148157719,9.390322488882884,1332.0258041539896,486.89678015452995,328.56904851018845,751.0377374635206,B
142.9452416421031,9.327821070882381,1333.367636971583,493.86374059216854,333.0553663535342,762.314597934819,B
144.03957180262898,9.266203250330106,1334.6999484136775,500.74165588396784,337.47728257667035,773.4653201277525,B
145.13390196315487,9.2054499638381,1336.0228725784063,507.5323758329774,341.8362010185839,784.4923840608566,B
146.22823212368075,9.145542698967079,1337.3365406815917,514.2376977745547,346.13348447205277,795.3982017867407,B
147.32256228420664,9.086463474327166,1338.6410811397327,520.8593684502877,350.3704561822519,806.1851197601352,B
148.41689244473255,9.028194820538905,1339.9366196500143,527.3990858015128,354.54840127994777,816.8554211062659,B
149.51122260525844,8.970719762011248,1341.2232792674547,533.8585006864424,358.6685681525853,827.4113277944672,B
150.60555276578435,8.914021799495794,1342.5011804793157,540.2392185246944,362.73216975640366,837.855002721657,B
151.69988292631024,8.858084893378948,1343.7704412769037,546.5428008727984,366.7403848725167,848.1885517100392,B
152.79421308683612,8.802893447675478,1345.0311772248406,552.7707669340475,370.694359309741,858.4140254231683,B
153.888543247362,8.748432294689575,1346.2835015279552,558.9245950058934,374.59520705679313,868.5334212042756,B
154.9828734078879,8.694686680310745,1347.5275250958493,565.0057238678822,378.4440113863277,878.5486848405332,B
156.07720356841378,8.641642249914245,1348.763356605271,571.0155541129889,382.2418259131606,888.4617122567644,B
157.1715337289397,8.58928503483698,1349.9911025603574,576.9554494250291,385.98967560887746,898.2743511418814,B
158.2658638894656,8.53760143940168,1351.210867350852,582.8267378047008,389.688557774921,907.9884025111843,B
159.3601940499915,8.486578228463442,1352.4227533083672,588.6307127466573,393.3394429761284,917.605622207478,B
160.45452421051738,8.43620251545421,1353.6268607607753,594.3686343698963,396.94327593658664,927.1277223438079,B
161.54885437104326,8.386461750902091,1354.8232880848063,600.0417305036183,400.5009763995732,936.5563726904743,B
162.64318453156915,8.337343711403474,1356.0121317569128,605.6511977306001,404.0134399532519,945.8932020088315,B
163.73751469209503,8.2888364890273,1357.193486402481,611.198202390024,407.4815388237146,955.1397993342788,B
164.83184485262095,8.24092848113171,1358.3674448434474,616.6838815415933,410.90612263686086,964.297715210688,B
165.92617501314683,8.193608380574434,1359.53409814438,622.1093438926811,414.2880191505446,973.3684628784333,B
167.02050517367275,8.14686516629921,1360.6935356570916,627.4756706901626,417.6280349583335,982.3535194180524,B
168.11483533419863,8.100688094281447,1361.8458450638286,632.7839165784985,420.9269561661603,991.2543268514871,B
169.20916549472452,8.055066688817195,1362.9911124191115,638.0351104255639,424.1855490430809,1000.0722932027422,B
170.3034956552504,8.009990734140242,1364.1294221902488,643.2302561176269,427.4045606472882,1008.8087935197045,B
171.3978258157763,7.965450266352974,1365.2608572965958,648.3703333248282,430.5847194284745,1017.4651708588002,B
172.4921559763022,7.921435565657411,1366.3854991476057,653.4562982384389,433.72673580758976,1026.0427372340648,B
173.58648613682809,7.877937148873234,1367.5034276796866,658.4890842810955,436.8313027349649,1034.5427745321253,B
174.680816297354,7.834945762230813,1368.6147213919728,663.4696027911997,439.8990962277598,1042.9665353945481,B
175.77514645787988,7.792452374427023,1369.7194573809638,668.3987436825317,442.9307758876033,1051.3152440688834,B
176.86947661840577,7.750448169933128,1370.817711374153,673.2773760801716,445.9269853992961,1059.5900972297436,B
177.96380677893166,7.708924542543836,1371.9095577626354,678.1063489336901,448.88835301136345,1067.7922647711182,B
179.05813693945754,7.66787308915744,1372.9950696327342,682.8864916085646,451.8154919992379,1075.922890571123,B
180.15246709998343,7.6272856037775405,1374.0743187967105,687.618614456732,454.709001111798,1083.9830932303066,B
181.24679726050934,7.587154071727009,1375.1473758225532,692.3035093671224,457.56946500195323,1091.9739667845754,B
182.34112742103525,7.547470664065536,1376.2143100628994,696.9419502970012,460.39745464194885,1099.8965813937684,B
183.43545758156114,7.508227732202429,1377.2751896831196,701.534693784901,463.1935277240103,1107.7519840068446,B
184.52978774208702,7.4694178026966815,1378.3300816885846,706.0824794458833,465.95822904693586,1115.5411990046289,B
185.6241179026129,7.431033572236756,1379.3790519511504,710.5860304498424,468.6920908892087,1123.2652288209933,B
186.7184480631388,7.393067902792888,1380.4221652348922,715.0460539835324,471.39563336917297,1130.9250545433188,B
187.81277822366468,7.3555138169348835,1381.4594852210926,719.463241696953,474.06936479279864,1138.5216364930518,B
188.9071083841906,7.31836449330903,1382.491074532541,723.8382701347283,476.7137819895309,1146.0559147871336,B
190.00143854471648,7.281613262267648,1383.516994757139,728.1718011530506,479.32937063669874,1153.528809881028,B
191.0957687052424,7.245253601645379,1384.5373064708497,732.4644823227657,481.9166055729366,1160.9412230940627,B
192.19009886576828,7.20927913267648,1385.5520692600128,736.7169473191296,484.4759511010519,1168.2940371177622,B
193.28442902629416,7.173683616047599,1386.5613417430413,740.9298162987575,487.0078612807511,1175.5881165078076,B
194.37875918682005,7.138460948080811,1387.5651815915191,745.1036962642462,489.51278021162136,1182.8243081602484,B
195.47308934734593,7.103605157041975,1388.5636455507333,749.2391814169556,491.9911423067416,1190.0034417725565,B
196.56741950787185,7.069110399569489,1389.5567894596352,753.3368534983813,494.44337255728743,1197.1263302900868,B
197.66174966839773,7.03497095721902,1390.5446682702743,757.3972821205625,496.8698867884723,1204.1937703384808,B
198.75607982892365,7.001181233119701,1391.5273360667013,761.4210250859284,499.27109190715765,1211.2065426425452,B
199.85040998944953,6.9677357487377405,1392.5048460833816,765.4086286969849,501.6473861414443,1218.1654124320837,B
200.94474014997542,6.934629140743236,1393.4772507230969,769.3606280562057,503.99915927255057,1225.0711298351773,B
202.0390703105013,6.901856157976552,1394.444601574391,773.2775473565014,506.3267928592608,1231.9244302593504,B
203.1334004710272,6.869411658510517,1395.4069494285598,777.1599001626133,508.63066045522925,1238.7260347610709,B
204.22773063155307,6.837290606804816,1396.364344296182,781.0081896837486,510.911127819396,1245.4766504039997,B
205.32206079207901,6.8054880709493615,1397.3168354232334,784.8229090377909,513.1685531197764,1252.1769706064,B
206.4163909526049,6.773999219993312,1398.2644713067803,788.6045415073821,515.4032871308586,1258.8276754780657,B
207.51072111313078,6.742819321356656,1399.2072997102707,792.3535607881718,517.6156734248473,1265.4294321471723,B
208.60505127365667,6.711943738321382,1400.1453676784306,796.0704312295063,519.8060485569827,1271.9828950773835,B
209.69938143418256,6.681367927599442,1401.0787215517894,799.7556080678395,521.9747422451328,1278.4887063755546,B
210.79371159470844,6.651087436974645,1402.007406980822,803.4095376531038,524.1220775438811,1284.9474960903678,B
211.88804175523433,6.621097903016057,1402.9314689397609,807.0326576683157,526.2483710132976,1291.359882502211,B
212.9823719157602,6.591395048860163,1403.8509517400357,810.6253973426211,528.3539328825834,1297.7264724045972,B
214.07670207628615,6.561974682059543,1404.7658990433933,814.1881776580345,530.4390672087688,1304.047861377412,B
215.17103223681204,6.532832692495674,1405.6763538746864,817.7214115500756,532.5040720306449,1310.3246340522792,B
216.26536239733792,6.503965050353653,1406.5823586343529,821.2255041025242,534.5492395180875,1316.5573643702996,B
217.3596925578638,6.475367804156651,1407.4839551105792,824.7008527364808,536.5748561169387,1322.7466158324216,B
218.4540227183897,6.447037078858148,1408.3811844911786,828.1478473939453,538.5812026895983,1328.8929417427016,B
219.54835287891558,6.418969073989852,1409.27408737517,831.5668707160834,540.5685546514773,1334.9968854446752,B
220.64268303944147,6.391160061863498,1410.162703784085,834.95829821637,542.5371821034427,1341.0589805510742,B
221.7370131999674,6.363606385824652,1411.0470731729977,838.3224984487791,544.48734996041,1347.0797511671217,B
222.8313433604933,6.336304458556792,1411.927234441293,841.6598331711817,546.4193180761969,1353.0597121075934,B
223.92567352101918,6.3092507604339625,1412.8032259431775,844.9706575041208,548.3333413647698,1358.9993691078696,B
225.02000368154506,6.282441837920414,1413.6750854979443,848.2553200851071,550.2296699180123,1364.8992190291551,B
226.11433384207095,6.255874302015612,1414.5428503999906,851.5141632185856,552.1085491201205,1370.7597500580762,B
227.20866400259683,6.229544826743151,1415.4065574285999,854.7475230217163,553.9702197587416,1376.581441900816,B
228.30299416312272,6.203450147682171,1416.2662428575054,857.95572956611,555.81491813297,1382.3647659719775,B
229.39732432364866,6.177587060539776,1417.1219424642184,861.1391070156385,557.6428761582923,1388.110185578336,B
230.49165448417455,6.151952419763242,1417.9736915391506,864.2979737604588,559.4543214685965,1393.8181560976423,B
231.58598464470043,6.126543137190609,1418.8215248945191,867.4326425473644,561.2494775153215,1399.4891251526371,B
232.68031480522632,6.101356180738519,1419.665476873052,870.5434206065853,563.0285636638647,1405.1235327804322,B
233.7746449657522,6.076388573126054,1420.5055813564968,873.630609775152,564.7917952873132,1410.7218115973794,B
234.8689751262781,6.051637390633374,1421.3418717739244,876.6945066169206,566.539383857598,1416.2843869596034,B
235.96330528680397,6.027099761894204,1422.1743811098656,879.7354025393873,568.2715370341505,1421.8116771193022,B
237.05763544732986,6.002772866720887,1423.0031419122433,882.7535839073635,569.9884587501442,1427.3040933769685,B
238.1519656078558,5.978653934961153,1423.8281863001403,885.7493321536365,571.6903492963885,1432.7620402296345,B
239.24629576838169,5.954740245385534,1424.6495459713933,888.7229238866952,573.3774054029617,1438.1859155152902,B
240.34062592890757,5.931029124604426,1425.4672522100084,891.6746309956102,575.0498203186452,1443.5761105535585,B
241.43495608943346,5.9075179460139875,1426.2813358934272,894.6047207521683,576.7077838882303,1448.9330102827662,B
242.52928624995934,5.884204128769864,1427.0918274996188,897.5134559103311,578.3514826277669,1454.2569933935208,B
243.62361641048523,5.861085136787993,1427.8987571140342,900.4010948031149,579.9810997978157,1459.5484324588697,B
244.7179465710111,5.838158477771505,1428.7021544363827,903.2678914369473,581.5968154747594,1464.8076940611704,B
245.81227673153705,5.815421702263139,1429.502048787293,906.1140955836105,583.1988066202478,1470.0351389157713,B
246.90660689206294,5.792872402722182,1430.2984691148058,908.9399528698095,584.7872471488182,1475.2311219915712,B
248.00093705258882,5.77050821262533,1431.0914440007414,911.7457048644617,586.3623079937572,1480.3959926285788,B
249.0952672131147,5.748326805590652,1431.8810016669133,914.5315891637548,587.9241571712477,1485.5300946525401,B
250.1895973736406,5.726325894524103,1432.6671699812375,917.2978394740684,589.4729598428695,1490.6337664867344,B
251.28392753416648,5.704503230787755,1433.4499764636887,920.0446856927908,591.0088783764817,1495.7073412610075,B
252.37825769469237,5.682856603389152,1434.2294482921316,922.7723539871079,592.5320724055488,1500.7511469181284,B
253.4725878552183,5.661383838191261,1435.0056123080474,925.481066870834,594.0426988869596,1505.765506317556,B
254.5669180157442,5.6400827971422665,1435.7784950221246,928.1710432793205,595.5409121573722,1510.7507373366673,B
255.66124817627008,5.618951377524683,1436.5481226197326,930.842498642511,597.0268639881346,1515.7071529695436,B
256.75557833679596,5.597987511223275,1437.314520966293,933.4956449561984,598.5007036388295,1520.6350614233702,B
257.84990849732185,5.577189164011162,1438.077715612533,936.1306908515285,599.9625779094688,1525.5347662125207,B
258.94423865784773,5.5565543348535895,1438.8377317996262,938.7478416628032,601.4126311913914,1530.4065662503924,B
260.0385688183736,5.536081055228915,1439.5945944642388,941.3472994936363,602.8510055168945,1535.250755939057,B
261.1328989788995,5.515767388466242,1440.3483282434634,943.9292632815017,604.2778406076353,1540.0676252567782,B
262.22722913942545,5.495611429099257,1441.098957479656,946.493928860723,605.6932739218425,1544.8574598434745,B
263.32155929995133,5.475611302235839,1441.8465062251782,949.0414890239526,607.0974407003675,1549.620541084165,B
264.4158894604772,5.455765162942909,1442.5909982470348,951.5721335821729,608.4904740116107,1554.357146190461,B
265.5102196210031,5.436071195646206,1443.332457031433,954.0860494232745,609.872504795357,1559.067548280168,B
266.604549781529,5.416527613544428,1444.0709057882318,956.5834205692333,611.2436619055434,1563.7520164550276,B
267.6988799420549,5.397132658037481,1444.8063674553193,959.064428231946,612.6040721520001,1568.4108158766708,B
268.79321010258076,5.377884598168338,1445.5388647028951,961.5292508677447,613.9538603411851,1573.0442078408173,B
269.8875402631067,5.358781730078151,1446.2684199376677,963.978064230634,615.2931493159454,1577.6524498497795,B
270.9818704236326,5.339822376474298,1446.995055306972,966.4110414242851,616.6220599943297,1582.2357956833046,B
272.07620058415847,5.321004886110942,1447.718792702808,968.8283529528233,617.9407114074763,1586.7944954678144,B
273.17053074468436,5.302327633281788,1448.4396537657922,971.2301667704312,619.2492207366133,1591.3287957440687,B
274.26486090521024,5.283789017324725,1449.1576598890433,973.616648329818,620.547703349178,1595.8389395333093,B
275.3591910657361,5.265387462137985,1449.872832221985,975.9879606295663,621.8362728340948,1600.3251664019135,B
276.453521226262,5.247121415707536,1450.5851916740774,978.344264260399,623.1150410362262,1604.7877125246057,B
277.54785138678795,5.228989349645411,1451.2947589184814,980.6857174503945,624.3841180900243,1609.2268107462558,B
278.64218154731384,5.210989758738628,1452.001554395642,983.0124761091654,625.6436124523998,1613.6426906423158,B
279.7365117078397,5.193121160508483,1452.7055983168113,985.3246938710479,626.8936309348326,1618.0355785779022,B
280.8308418683656,5.175382094779927,1453.4069106675124,987.622522137319,628.134278734747,1622.4056977656032,B
281.9251720288915,5.157771123260682,1454.1055112109168,989.9061101174553,629.3656594661619,1626.7532683219983,B
283.0195021894174,5.140286829129946,1454.801419491176,992.1756048694809,630.5878751896468,1631.0785073229438,B
284.11383234994327,5.12292781663637,1455.4946548366865,994.4311513394132,631.801026441598,1635.3816288576772,B
285.20816251046915,5.105692710705069,1456.1852363632893,996.6728923998329,633.0052122628439,1639.66284408172,B
286.3024926709951,5.088580156553433,1456.8731829774104,998.9009688876013,634.2005302266136,1643.9223612686585,B
287.396822831521,5.071588819315538,1457.5585133791503,1001.1155196407519,635.3870764658742,1648.1603858608062,B
288.49115299204686,5.054717383674895,1458.241246065313,1003.3166815345724,636.5649457000527,1652.3771205187804,B
289.58548315257275,5.037964553505297,1458.921399332367,1005.5045895168902,637.7342312611675,1656.5727651700163,B
290.67981331309863,5.021329051519659,1459.5989912793732,1007.6793766426039,638.8950251193774,1660.747517056259,B
291.7741434736245,5.0048096189265365,1460.2740398108474,1009.8411741074591,640.0474179079604,1664.9015707800495,B
292.8684736341504,4.988405015094162,1460.9465626395681,1011.9901112810936,641.1914989477519,1669.035118350218,B
25.11588127853881,26.268430700283847,659.7547868418533,3.044019334757059,2.3471727494398817,3.978237311768709,C
25.481850742064655,25.68112105423657,654.4024935929503,12.37446723703612,9.53028629852836,16.19198569326329,C
25.847820205590498,25.114990631800563,649.1677623158706,21.292996520856583,16.379665589592726,27.895452429873217,C
26.21378966911634,24.568991783395514,644.0463829921777,29.82158840728975,22.913669735716695,39.115000027541306,C
26.579759132642184,24.042142340125814,639.0343524332425,37.98079393009709,29.1494370085856,49.875314738487965,C
26.945728596168028,23.53352069054662,634.127861439774,45.78984417610851,35.10298054947607,60.199533491827474,C
27.31169805969387,23.042261288364664,629.3232829203884,53.26675071127179,40.78927544089456,70.1093596861569,C
27.677667523219718,22.567550548173855,624.6171608858109,60.42839718146447,46.22233801973707,79.62516895304933,C
28.04363698674556,22.108623091099386,620.0062002435717,67.29062296608707,51.41529821292417,88.76610587715122,C
28.409606450271404,21.66475830641049,615.4872573253705,73.8682996651082,56.380465589002405,97.55017255043676,C
28.775575913797248,21.235277198843576,611.057331085851,80.17540111476168,61.12938974250648,105.99430974310111,C
29.14154537732309,20.819539494615945,606.7135549173208,86.22506755192218,65.67291556050283,114.11447138985191,C
29.507514840848934,20.416940981969596,602.4531890302046,92.02966448096475,70.02123386145519,121.92569301651184,C
29.873484304374777,20.026911064606885,598.2736133536433,97.60083673847122,74.18392784430108,129.44215466659912,C
30.23945376790062,19.64891050861446,594.1723209148636,102.94955819950214,78.17001573950374,136.6772388298172,C
30.605423231426464,19.282429365449484,590.1469116596675,108.0861775234304,81.98799001306485,143.64358382321768,C
30.971392694952307,18.926985055318916,586.1950866797757,113.02046029680287,85.64585343836681,150.35313303038106,C
31.33736215847815,18.582120596843207,582.3146428157918,117.76162789471157,89.1511523186915,156.81718036359456,C
31.703331622003994,18.24740297028455,578.5034676072718,122.31839335015803,92.5110071148179,163.04641227806584,C
32.06930108552984,17.922421602858464,574.7595345638723,126.69899449241073,95.73214070680692,169.0509466351822,C
32.43527054905568,17.60678696575175,571.0808987337451,130.9112245899514,98.82090449655131,174.84036868322954,C
32.80124001258152,17.300129273458463,567.4656925473987,134.96246071093708,101.78330253758118,180.42376439843267,C
33.16720947610737,17.00209727692795,563.912121917024,138.8596899938252,104.62501386067045,185.80975140630318,C
33.53317893963321,16.712357142812156,560.4184625729772,142.60953400267334,107.35141314775413,191.00650768279215,C
33.89914840315905,16.430591411808845,556.9830566205786,146.21827132535753,109.9675898922989,196.0217982163513,C
34.265117866684896,16.15649802973593,553.6043093017639,149.69185855836568,112.47836617140437,200.86299979549688,C
34.63108733021074,15.889789445546038,550.2806859473657,153.03594980871478,114.88831314335485,205.53712407160685,C
34.99705679373658,15.630191771006569,547.0107091069111,156.25591483174685,117.20176637396331,210.05083903331877,C
35.36302625726243,15.377443997236915,543.7929558438716,159.35685591294873,119.42284008571642,214.41048901682973,C
35.72899572078828,15.131297263714378,540.6260551852264,162.34362359236692,121.55544041531684,218.62211336552588,C
36.09496518431412,14.891514175739772,537.5086857150472,165.22083132155294,123.6032777576429,222.6914638425438,C
36.46093464783996,14.657868166697641,534.4395733026165,167.99286913517543,125.56987826730347,226.6240208909725,C
36.826904111365806,14.430142901756307,531.4174889562854,170.66391641237777,127.45859458278677,230.42500882836035,C
37.19287357489165,14.208131719934846,528.4412467949446,173.23795379657344,129.27261583261168,234.09941005490936,C
37.55884303841749,13.991637111719541,525.5097021295713,175.71877433658278,131.01497697783137,237.65197834811093,C
37.924812501943336,13.7804702296446,522.6217496478835,178.10999390676847,132.68856754065285,241.08725131058497,C
38.29078196546918,13.57445042946231,519.7763216956108,180.41506095905302,134.2961397647778,244.409562032421,C
38.65675142899502,13.373404839720259,516.972386648385,182.6372656553786,135.84031624929347,247.62305002435474,C
39.022720892520866,13.177167957737494,514.2089473686594,184.77974842522207,137.32359709450986,250.7316714735995,C
39.38869035604671,12.98558127013083,511.48503974246296,186.84550798919224,138.74836659502023,253.73920887002018,C
39.75465981957255,12.798492896187987,508.79973129116934,188.83740888646963,140.11689951241652,256.64928004659436,C
40.120629283098395,12.615757252516572,506.1521198537773,190.75818854086302,141.4313669575051,259.46534667466295,C
40.48659874662424,12.437234737519153,503.5413323355144,192.61046389753557,142.69384190950245,262.1907222513411,C
40.85256821015008,12.26279143435592,500.9665235188694,194.3967376599714,143.90630439753966,264.82857961360133,C
41.218537673675925,12.092298831157121,498.4268749333972,196.11940415446912,145.0706463678284,267.3819580108984,C
41.58450713720177,11.925633557341316,495.9215937809129,197.78075484737997,146.18867625804614,269.85376976582836,C
41.95047660072761,11.762677134979885,493.4499119128874,199.38298353839025,147.26212329884814,272.2468065500857,C
42.316446064253455,11.603315744227148,491.011084857091,200.92819125141233,148.2926415609031,274.56374530097855,C
42.6824155277793,11.447440001906532,488.60439089069723,202.41839084303393,149.28181376447003,276.8071538018992,C
43.04838499130514,11.294944752409988,486.22913015726687,203.8555113470172,150.2311548672629,278.9794959484448,C
43.414354454830985,11.14572887012768,483.884623825166,205.24140207197397,151.14211544518494,281.08313672031244,C
43.78032391835683,10.999695072681723,481.57021328515935,206.57783646811632,152.016084879449,283.1203468776549,C
44.14629338188267,10.856749744288326,479.2852593850321,207.86651577782396,152.85439436261169,285.0933073992518,C
44.512262845408515,10.716802768620738,477.029141699248,209.10907248372953,153.65831973515046,287.004113678629,C
44.87823230893436,10.579767370588694,474.80125783176305,210.30707356704568,154.4290841633768,288.85477949313025,C
45.2442017724602,10.445559966490634,472.6010227502349,211.46202358796901,155.16786066871376,290.6472407599027,C
45.610171235986044,10.314100022032163,470.42786814997436,212.5753675991703,155.8757745176601,292.3833590917996,C
45.97614069951189,10.18530991773847,468.28124184607776,213.648493902616,156.55390548110756,294.0649251653131,C
46.34211016303773,10.0591148213207,466.16060719228943,214.68273665927197,157.2032899710848,295.693661911828,C
46.708079626563574,9.935442566585081,464.0654425252051,215.6793783605781,157.8249230624357,297.2712275427349,C
47.07404909008942,9.814223538501558,461.9952406325334,216.63965216999446,158.41976040643328,298.7992184182234,C
47.44001855361526,9.695390564073445,459.94950824419055,217.56474414235444,158.98872004285582,300.2791717689468,C
47.805988017141104,9.578878808673306,457.9277655450829,218.45579532825025,159.5326841166079,301.712568279122,C
48.17195748066695,9.464625677531792,455.9295457084901,219.31390377019528,160.0525005045667,303.10083453908777,C
48.53792694419279,9.352570722086648,453.95439444903815,220.14012639687195,160.54898435795613,304.4453453748181,C
48.903896407718634,9.242655550917327,452.0018695942866,220.93548082135337,161.02291956520162,305.7474260613993,C
49.26986587124448,9.134823745008665,450.0715406740361,221.70094704881947,161.47506013989596,307.0083544270479,C
49.63583533477032,9.029020777102625,448.16298852648583,222.43746909892022,161.90613153820306,308.2293628538112,C
50.00180479829616,8.925193934912645,446.27580492043893,223.1459565476228,162.31683190975303,309.4116401807194,C
50.36777426182201,8.823292247988793,444.4095921927835,223.82728599306373,162.70783328581587,310.5563335147922,C
50.73374372534785,8.723266418035253,442.5639629005336,224.4823024496523,163.07978270830833,311.66454995496946,C
51.09971318887369,8.625068752493583,440.7385394867387,225.11182067439913,163.43330330295495,312.73735823372124,C
51.465682652399536,8.528653101216538,438.9329539596135,225.71662642920003,163.76899529972573,313.77579028080373,C
51.83165211592539,8.43397479606809,437.14684758428405,226.29747768258176,164.08743700347114,314.7808427133559,C
52.19762157945123,8.34099059329462,435.379870586555,226.85510575418948,164.38918571749917,315.75347825627756,C
52.56359104297707,8.249658618522052,433.6316818681643,227.39021640511302,164.67477862266858,316.69462709659774,C
52.929560506502916,8.159938314241725,431.9019487329888,227.90349087694565,164.94473361441504,317.60518817530976,C
53.29552997002876,8.07179038965627,430.19034662371587,228.39558688230912,165.19955009998375,318.48603041996364,C
53.6614994335546,7.985176772764101,428.49655886851417,228.86713954941163,165.43970975800016,319.3379939210921,C
54.027468897080446,7.900060564567976,426.82027643724814,229.31876232304873,165.66567726238966,320.16189105538473,C
54.39343836060629,7.816405995300037,425.161197706826,229.75104782432507,165.87790097252847,320.95850755833914,C
54.75940782413213,7.734178382561517,423.51902823527274,230.1645686712348,166.07681359140852,321.7286035489805,C
55.125377287657976,7.653344091281377,421.89348054415376,230.55987826211935,166.2628327934846,322.4729145090746,C
55.49134675118382,7.573870495403205,420.2842739089796,230.9375115238995,166.43636182377753,323.19215221912873,C
55.85731621470966,7.495725941215157,418.69113415725724,231.2979856268783,166.59779006972258,323.88700565335245,C
56.223285678235506,7.418879712242137,417.11379347385525,231.64180066780187,166.7474936071551,324.5581418356154,C
56.58925514176135,7.34330199562407,415.55199021337575,231.969440322774,166.88583572175787,325.20620665833485,C
56.95522460528719,7.268963849908135,414.0054687192309,232.28137247152756,167.0131674072065,325.8318256661137,C
57.32119406881304,7.195837174186979,412.47397914915103,232.57804979447658,167.12982784119407,326.43560480585256,C
57.687163532338886,7.123894678518526,410.95727730685695,232.8599103438938,167.23614484043796,327.01813114496997,C
58.05313299586473,7.053109855566203,409.45512447962903,233.12737809047397,167.3324352957143,327.57997355925704,C
58.41910245939057,6.983456953402147,407.9672872815436,233.38086344648988,167.41900558791053,328.12168339183614,C
58.785071922916416,6.914910949418732,406.4935375021424,233.6207637666741,167.49615198602817,328.64379508459757,C
59.15104138644226,6.847447525296542,405.0336519603074,233.84746382789385,167.56416102801668,329.1468267834149,C
59.5170108499681,6.781043042979946,403.5874123631382,234.06133628863952,167.62330988527492,329.6312809183792,C
59.882980313493945,6.715674521613739,402.1546051696284,234.26274212928493,167.6738667116089,330.0976447602245,C
60.24894977701979,6.651319615396854,400.7350214589517,234.4520310740303,167.71609097739034,330.54639095404605,C
60.61491924054563,6.587956592311264,399.32845680316746,234.62954199538586,167.75023378962547,330.97797803136825,C
60.980888704071475,6.525564313686654,397.9347111441864,234.79560330202006,167.7765381986026,331.3928509015588,C
61.34685816759732,6.464122214562981,396.55358867481027,234.95053331073575,167.7952394917494,331.7914413235305,C
61.71282763112316,6.403610284815459,395.1848977237039,235.09464060331743,167.80656547530413,332.1741683586318,C
62.078797094649005,6.344009051007962,393.82845064414005,235.22822436894103,167.8107367443696,332.5414388055778,C
62.44476655817485,6.2852995589425715,392.4840637063682,235.35157473280393,167.8079669418843,332.8936476182215,C
62.81073602170069,6.2274633568748206,391.1515569934784,235.4649730716079,167.79846300702982,333.2311783069475,C
63.176705485226535,6.170482479365367,389.8307543006162,235.56869231648201,167.78242541355309,333.5544033244009,C
63.54267494875238,6.114339431740601,388.52148303743235,235.66299724391732,167.7600483984684,333.863684436256,C
63.90864441227822,6.059017175135736,387.22357413363625,235.74814475524283,167.7315201815739,334.15937307767985,C
64.27461387580406,6.004499112095498,385.9368619475465,235.82438414515903,167.69702317619857,334.4418106961122,C
64.64058333932991,5.95076907270845,384.6611841775175,235.89195735980627,167.65673419157383,334.711329080966,C
65.00655280285575,5.897811301252396,383.3963817761433,235.9510992448334,167.61082462720233,334.9682506808031,C
65.3725222663816,5.8456104433292575,382.1422988671347,236.00203778390323,167.55946065958383,335.21288890853924,C
65.73849172990744,5.794151533468747,380.8987826647657,236.04499432804704,167.50280342162978,335.44554843517346,C
66.10446119343328,5.743419983181488,379.6656833958099,236.0801838162727,167.44100917509624,335.6665254725469,C
66.47043065695912,5.693401569442666,378.442854223861,236.10781498779434,167.3742294763339,335.8761080455867,C
66.83640012048497,5.644082423588575,377.23015117596253,236.12809058624813,167.3026113356496,336.07457625447734,C
67.20236958401081,5.595449020608989,376.0274330714566,236.14120755623185,167.22629737055462,336.2622025271885,C
67.56833904753665,5.5474881688193545,374.8345614529844,236.14735723250053,167.14542595316644,336.43925186275516,C
67.9343085110625,5.500186999897148,373.65140051954813,236.14672552211945,167.06013135200925,336.605982065698,C
68.30027797458834,5.453532959267794,372.4778170615697,236.13949307987482,166.97054386845744,336.76264397194717,C
68.66624743811418,5.407513796826078,371.31368039787577,236.12583547722383,166.8767899680448,336.9094816666165,C
69.03221690164003,5.362117557979671,370.158862314545,236.1059233650532,166.77899240686264,337.0467326939709,C
69.39818636516587,5.317332575001796,369.01323700554195,236.07992263049707,166.67727035324532,337.1746282598879,C
69.76415582869171,5.27314745868098,367.8766810150896,236.04799454806508,166.5717395049458,337.2933934271345,C
70.13012529221756,5.229551090256106,366.74907318171364,236.010295925311,166.46251220198926,337.4032473037356,C
70.4960947557434,5.186532613625584,365.63029458390264,235.96697924326304,166.3496975353799,337.50440322471724,C
70.86206421926924,5.144081427819941,364.5202284873269,235.91819279182837,166.23340145183377,337.5970689274848,C
71.22803368279509,5.102187179727717,363.4187602935711,235.86408080037816,166.11372685470255,337.68144672109275,C
71.59400314632093,5.060839757064789,362.32577749032254,235.80478356370284,165.99077370124175,337.75773364964454,C
71.95997260984677,5.020029281577778,361.24116960296567,235.74043756352123,165.86463909637052,337.82612165005054,C
72.32594207337262,4.979746102472712,360.16482814754437,235.67117558572662,165.73541738306778,337.88679770436977,C
72.69191153689846,4.9399807900602655,359.09664658503857,235.59712683353195,165.60320022954022,337.93994398694457,C
73.0578810004243,4.900724129609485,358.0365202769177,235.5184170366806,165.46807671328847,337.98573800652684,C
73.42385046395015,4.86196711540203,356.9843464419217,235.43516855687093,165.33013340219574,338.02435274358714,C
73.78981992747599,4.823700944979608,355.940024114041,235.34750048955084,165.1894544327622,338.0559567830049,C
74.15578939100183,4.7859170135772064,354.9034541016438,235.25552876221363,165.04612158558922,338.08071444229375,C
74.52175885452768,4.748606908735437,353.8745389477263,235.1593662293404,164.90021435823047,338.09878589555376,C
74.88772831805352,4.7117624050851745,352.853182891237,235.05912276410763,164.75181003550463,338.1103272932949,C
75.25369778157936,4.675375459298382,351.83929182945326,234.9549053469937,164.6009837573773,338.1154908783001,C
75.6196672451052,4.639438205198866,350.83277328136637,234.84681815139473,164.44780858449775,338.1144250976635,C
75.98563670863105,4.6039429490273065,349.83353635205236,234.73496262636974,164.2923555614886,338.10727471116206,C
76.35160617215689,4.568882164854812,348.8414916979862,234.6194375766159,164.13469377806868,338.09418089607766,C
76.71757563568273,4.534248490139835,347.85655149328306,234.50033923978717,163.9748904280972,338.0752813486217,C
77.08354509920858,4.500034721423154,346.8786293968262,234.37776136124737,163.81301086661387,338.05071038206563,C
77.44951456273442,4.466233810156136,345.90764052026447,234.25179526636109,163.64911866495615,338.0205990217194,C
77.81548402626026,4.432838858657395,344.9435013968403,234.12252993040545,163.48327566402048,337.985075096855,C
78.18145348978612,4.399843116193467,343.9861299510352,233.9900520461985,163.3155420257413,337.9442633296933,C
78.54742295331197,4.367239975179012,343.03544546899747,233.85444608952218,163.14597628285406,337.8982854215645,C
78.91339241683781,4.335022967492464,342.09136856973754,233.71579438242597,162.97463538700515,337.8472601363363,C
79.27936188036365,4.303185760903028,341.15382117705917,233.57417715448346,162.80157475527102,337.7913033812102,C
79.6453313438895,4.271722155605184,340.2227264922088,233.42967260207917,162.62684831514392,337.7305282849818,C
80.01130080741534,4.240626080857035,339.298008967223,233.28235694579712,162.4505085480435,337.6650452738539,C
80.37727027094118,4.209891591718836,338.3795942789477,233.13230448597676,162.27260653140544,337.59496214488604,C
80.74323973446702,4.179512865888384,337.4674093037151,232.97958765650552,162.09319197939985,337.5203841371687,C
81.10920919799287,4.149484200629899,336.5613820926567,232.8242770769092,161.9123132823318,337.4414140008002,C
81.47517866151871,4.119800009793204,335.6614418476278,232.66644160279773,161.73001754476596,337.35815206373667,C
81.84114812504455,4.090454820920273,334.7675188977387,232.50614837473185,161.54635062242926,337.27069629660207,C
82.2071175885704,4.06144327243607,333.87954467646017,232.3434628655584,161.36135715792747,337.1791423755149,C
82.57308705209624,4.0327601109209885,332.9974516993001,232.17844892627537,161.17508061532521,337.0835837430114,C
82.93905651562208,4.0044001884620215,332.12117354201933,232.0111688304688,160.98756331362242,336.98411166712,C
83.30502597914793,3.976358460080235,331.25064481938864,231.84168331738275,160.79884645917468,336.88081529865997,C
83.67099544267377,3.948629981231871,330.3858011644569,231.6700516336601,160.60897017708774,336.7737817268183,C
84.03696490619961,3.921209905380754,329.52657920832473,231.4963315738059,160.41797354162733,336.66309603306684,C
84.40293436972546,3.8940934816395956,328.6729165604025,231.3205795194126,160.22589460567488,336.54884134347105,C
84.7689038332513,3.867276052478034,327.82475178914615,231.1428504771953,160.03277042926453,336.4310988794491,C
85.13487329677714,3.840753051495151,326.98202440324985,230.96319811587108,159.83863710723418,336.3099480070338,C
85.50084276030299,3.8145200012545133,326.14467483329287,230.78167480193005,159.64352979602052,336.18546628468107,C
85.86681222382883,3.7885725111795203,325.31264441381154,230.59833163432353,159.44748273962395,336.05772950967815,C
86.23278168735467,3.762906275507361,324.48587536580317,230.41321847811912,159.2505292947798,335.9268117631984,C
86.59875115088052,3.7375170712995724,323.66431077963944,230.22638399715012,159.0527019553559,335.7927854540453,C
86.96472061440636,3.7124007565073787,322.847894598375,230.03787568569052,158.85403237600548,335.65572136112667,C
87.3306900779322,3.6875532680901957,322.03657160145093,229.84773989919603,158.6545513951017,335.51568867470667,C
87.69665954145805,3.6629706201855305,321.2302873887739,229.65602188413564,158.45428905697634,335.3727550364673,C
88.06262900498389,3.6386489023286845,320.4289883651628,229.4627658069457,158.25327463348842,335.22698657842767,C
88.42859846850973,3.6145842777207355,319.6326217251552,229.26801478213682,158.05153664494148,335.0784479607466,C
88.79456793203558,3.5907729815432488,318.84113543815994,229.0718108995787,157.84910288037594,334.92720240845694,C
89.16053739556142,3.567211319318323,318.05447823395133,228.87419525099324,157.64600041725345,334.77331174715385,C
89.52650685908726,3.543895665312509,317.27259958849,228.67520795567725,157.44225564055628,334.6168364376779,C
89.8924763226131,3.520822460983311,316.4954497100667,228.4748881854839,157.23789426131893,334.457835609825,C
90.25844578613895,3.4979882134669755,315.72297952576207,228.27327418908766,157.03294133461347,334.2963670951101,C
90.62441524966479,3.4753894941061736,314.95514066820033,228.07040331554597,156.8274212770017,334.1324874586158,C
90.99038471319064,3.4530229370166,314.1918854626119,227.86631203719688,156.62135788347848,333.96625202995745,C
91.35635417671648,3.430885237691086,313.43316691417493,227.6610359718978,156.41477434391567,333.79771493338757,C
91.72232364024232,3.4089731516402293,312.678938695642,227.45460990463624,156.2076932590285,333.62692911707336,C
92.08829310376817,3.38728349306841,311.9291551352394,227.24706780852915,156.00013665587701,333.4539463815635,C
92.45426256729401,3.3658131335841226,311.1837712048331,227.03844286523002,155.79212600291808,333.2788174074789,C
92.82023203081985,3.3445590009436135,310.44274250835326,226.8287674847629,155.58368222462255,333.10159178244504,C
93.1862014943457,3.3235180778268423,309.70602527047265,226.61807332480157,155.37482571567205,332.9223180272921,C
93.55217095787154,3.302687400644801,308.9735763255308,226.40639130941076,155.1655763547468,332.7410436215432,C
93.91814042139738,3.282064058377287,308.24535310669944,226.19375164726725,154.9559535179221,332.557815028217,C
94.28410988492323,3.261645191440202,307.52131363537944,225.9801838493744,154.74597609167955,332.37267771795877,C
94.65007934844907,3.2414279905815566,306.8014165108282,225.76571674628923,154.5356624855501,332.1856761925238,C
95.01604881197491,3.221409695805319,306.0856209000074,225.5503785048745,154.32503064439862,331.9968540076379,C
95.38201827550076,3.201587595322307,305.3738865276488,225.33419664459112,154.11409806036133,331.80625379524,C
95.7479877390266,3.181959024527363,304.666173666531,225.1171980533469,153.90288178444783,331.61391728514343,C
96.11395720255244,3.162521365002004,303.96244312796034,224.89940900291026,153.691398437816,331.4198853261151,C
96.47992666607828,3.143272043541883,303.2626562524549,224.68085516390784,153.47966422273302,331.22419790640447,C
96.84589612960413,3.1242085312083248,302.5667749006245,224.46156162041638,153.26769493323013,331.02689417373193,C
97.21186559312997,3.105328342403213,301.87476144423823,224.2415528841579,153.0555059654603,330.82801245474866,C
97.57783505665581,3.086629033966658,301.18657875748346,224.020852908317,152.84311232777014,330.62759027399613,C
97.94380452018166,3.068108204296691,300.5021902084007,223.79948510098342,152.6305286504919,330.4256643723626,C
